{
  "cnn": {
    "accuracy": 0.68,
    "f1_score": 0.7289426407087899,
    "inference_time_ms": 0.0901799996693929
  },
  "lstm": {
    "accuracy": 0.6933333333333334,
    "f1_score": 0.7493002441175798,
    "inference_time_ms": 0.24452471733093262
  },
  "rf": {
    "accuracy": 0.808,
    "f1_score": 0.8415168138953694,
    "inference_time_ms": 0.017182270685831707
  },
  "xgb": {
    "accuracy": 0.844,
    "f1_score": 0.8706650188891932,
    "inference_time_ms": 0.000667572021484375
  },
  "pac": {
    "accuracy": 0.6623333333333333
  }
}